53,0,53,53,0,6411553,72667516,248244044
53,0,0,26.5,0,6411553,72699076,248244044
125,0,72,41.66667,0,6411553,72754260,248244044
126,0,1,31.5,0,6411553,72787212,248244044
126,0,0,25.2,0,6411553,72819412,248244044
186,0,60,31,0,6411553,72746604,248244044
187,0,1,26.71428,0,6411553,72778692,248244044
241,0,54,30.125,0,6411553,72790940,248244044
241,0,0,26.77778,0,6411553,72822500,248244044
241,0,0,24.1,0,6411553,72599916,248244044
306,0,65,27.81818,0,6411553,72703908,248244044
307,0,1,25.58333,0,6411553,72736124,248244044
307,0,0,23.61539,0,6411553,72768244,248244044
369,0,62,26.35714,0,6411553,72583548,248244044
370,0,1,24.66667,0,6411553,72615652,248244044
371,0,1,23.1875,0,6411553,72647228,248244044
440,0,69,25.88235,0,6411553,72704452,248244044
441,0,1,24.5,0,6411553,72736044,248244044
442,0,1,23.26316,0,6411553,72767812,248244044
511,0,69,25.55,0,6411553,72814588,248244044
511,0,0,24.33333,0,6411553,72589476,248244044
512,0,1,23.27273,0,6411553,72621236,248244044
571,0,59,24.82609,0,6411553,72699620,248244044
572,0,1,23.83333,0,6411553,72731372,248244044
572,0,0,22.88,0,6411553,72762996,248244044
647,0,75,24.88461,0,6411553,72584396,248244044
647,0,0,23.96296,0,6411553,72616004,248244044
648,0,1,23.14286,0,6411553,72647756,248244044
712,0,64,24.55172,0,6411553,72726260,248244044
712,0,0,23.73333,0,6411553,72758044,248244044
713,0,1,23,0,6411553,72789604,248244044
775,0,62,24.21875,0,6411553,72807980,248244044
775,0,0,23.48485,0,6411553,72583268,248244044
776,0,1,22.82353,0,6411553,72615372,248244044
837,0,61,23.91429,0,6411553,72655812,248244044
838,0,1,23.27778,0,6411553,72688732,248244044
897,0,59,24.24324,0,6411553,72631260,248244044
897,0,0,23.60526,0,6411553,72662820,248244044
897,0,0,23,0,6411553,72695788,248244044
965,0,68,24.125,0,6411553,72577180,248244044
965,0,0,23.53658,0,6411553,72609308,248244044
966,0,1,23,0,6411553,72641596,248244044
1047,0,81,24.34884,0,6411553,72745204,248244044
1047,0,0,23.79545,0,6411553,72778164,248244044
1047,0,0,23.26667,0,6411553,72810372,248244044
1122,0,75,24.3913,0,6411553,72658724,248244044
1122,0,0,23.87234,0,6411553,72690836,248244044
1122,0,0,23.375,0,6411553,72722412,248244044
1195,0,73,24.38775,0,6411553,72636124,248244044
1195,0,0,23.9,0,6411553,72668244,248244044
1261,0,66,24.72549,0,6411553,72805948,248244044
1262,0,1,24.26923,0,6411553,72581964,248244044
1262,0,0,23.81132,0,6411553,72614188,248244044
1322,0,60,24.48148,0,6411553,72751900,248244044
1322,0,0,24.03636,0,6411553,72783476,248244044
1323,0,1,23.625,0,6411553,72816396,248244044
1385,0,62,24.29825,0,6411553,72729412,248244044
1386,0,1,23.89655,0,6411553,72760972,248244044
1387,0,1,23.50847,0,6411553,72793924,248244044
1448,0,61,24.13333,0,6411553,72675044,248244044
1449,0,1,23.7541,0,6411553,72707140,248244044
1451,0,2,23.40322,0,6411553,72738748,248244044
1519,0,68,24.11111,0,6411553,72651988,248244044
1520,0,1,23.75,0,6411553,72684092,248244044
1520,0,0,23.38461,0,6411553,72716420,248244044
1584,0,64,24,0,6411553,72629732,248244044
1584,0,0,23.64179,0,6411553,72661212,248244044
1584,0,0,23.29412,0,6411553,72694148,248244044
1651,0,67,23.92754,0,6411553,72607756,248244044
1651,0,0,23.58571,0,6411553,72639332,248244044
1651,0,0,23.25352,0,6411553,72672268,248244044
1715,0,64,23.81944,0,6411553,72810780,248244044
1716,0,1,23.50685,0,6411553,72586052,248244044
1716,0,0,23.18919,0,6411553,72617636,248244044
1790,0,74,23.86667,0,6411553,72788052,248244044
1790,0,0,23.55263,0,6411553,72820188,248244044
1852,0,62,24.05195,0,6411553,72699820,248244044
1852,0,0,23.74359,0,6411553,72732724,248244044
1852,0,0,23.44304,0,6411553,72764956,248244044
1914,0,62,23.925,0,6411553,72678036,248244044
1914,0,0,23.62963,0,6411553,72710996,248244044
1982,0,68,24.17073,0,6411553,72623780,248244044
1982,0,0,23.87952,0,6411553,72655356,248244044
1983,0,1,23.60714,0,6411553,72688284,248244044
2051,0,68,24.12941,0,6411553,72568948,248244044
2051,0,0,23.84884,0,6411553,72601084,248244044
2052,0,1,23.58621,0,6411553,72632612,248244044
2113,0,61,24.01136,0,6411553,72772036,248244044
2113,0,0,23.74157,0,6411553,72804236,248244044
2113,0,0,23.47778,0,6411553,72580548,248244044
2181,0,68,23.96703,0,6411553,72685036,248244044
2181,0,0,23.70652,0,6411553,72716596,248244044
2181,0,0,23.45161,0,6411553,72749548,248244044
2245,0,64,23.88298,0,6411553,72662636,248244044
2245,0,0,23.63158,0,6411553,72694220,248244044
2245,0,0,23.38542,0,6411553,72727172,248244044
2313,0,68,23.84536,0,6411553,72639932,248244044
2313,0,0,23.60204,0,6411553,72671524,248244044
2385,0,72,24.09091,0,6411553,72586212,248244044
2385,0,0,23.85,0,6411553,72618348,248244044
2385,0,0,23.61386,0,6411553,72649908,248244044
2450,0,65,24.01961,0,6411553,72755796,248244044
2450,0,0,23.78641,0,6411553,72788756,248244044
2450,0,0,23.55769,0,6411553,72820956,248244044
2514,0,64,23.94286,0,6411553,72702484,248244044
2514,0,0,23.71698,0,6411553,72734060,248244044
2515,0,1,23.50467,0,6411553,72766996,248244044
2576,0,61,23.85185,0,6411553,72679476,248244044
2576,0,0,23.63303,0,6411553,72711060,248244044
2576,0,0,23.41818,0,6411553,72744004,248244044
2641,0,65,23.79279,0,6411553,72624988,248244044
2641,0,0,23.58036,0,6411553,72657100,248244044
2642,0,1,23.38053,0,6411553,72688652,248244044
2710,0,68,23.77193,0,6411553,72602868,248244044
2711,0,1,23.57391,0,6411553,72634972,248244044
2711,0,0,23.37069,0,6411553,72666564,248244044
2775,0,64,23.71795,0,6411553,72805844,248244044
2776,0,1,23.52542,0,6411553,72581124,248244044
2776,0,0,23.32773,0,6411553,72613252,248244044
2839,0,63,23.65833,0,6411553,72718836,248244044
2839,0,0,23.46281,0,6411553,72750420,248244044
2839,0,0,23.27049,0,6411553,72783364,248244044
2905,0,66,23.61789,0,6411553,72567740,248244044
2905,0,0,23.42742,0,6411553,72600700,248244044
2906,0,1,23.248,0,6411553,72632884,248244044
2982,0,76,23.66667,0,6411553,72802924,248244044
2982,0,0,23.48031,0,6411553,72578300,248244044
2982,0,0,23.29688,0,6411553,72609804,248244044
3053,0,71,23.66667,0,6411553,72780220,248244044
3053,0,0,23.48462,0,6411553,72811788,248244044
3054,0,1,23.31298,0,6411553,72588860,248244044
3120,0,66,23.63636,0,6411553,72693412,248244044
3120,0,0,23.45865,0,6411553,72725532,248244044
3120,0,0,23.28358,0,6411553,72757108,248244044
3193,0,73,23.65185,0,6411553,72638188,248244044
3193,0,0,23.47794,0,6411553,72670300,248244044
3193,0,0,23.30657,0,6411553,72702604,248244044
3261,0,68,23.63043,0,6411553,72615572,248244044
3262,0,1,23.46763,0,6411553,72648500,248244044
3336,0,74,23.82857,0,6411553,72785852,248244044
3337,0,1,23.66667,0,6411553,72817420,248244044
3337,0,0,23.5,0,6411553,72594748,248244044
3404,0,67,23.8042,0,6411553,72762932,248244044
3404,0,0,23.63889,0,6411553,72795884,248244044
3404,0,0,23.47586,0,6411553,72572180,248244044
3474,0,70,23.79452,0,6411553,72708444,248244044
3474,0,0,23.63265,0,6411553,72740660,248244044
3474,0,0,23.47297,0,6411553,72772780,248244044
3545,0,71,23.79195,0,6411553,72621012,248244044
3545,0,0,23.63333,0,6411553,72653972,248244044
3545,0,0,23.47682,0,6411553,72686180,248244044
3614,0,69,23.77632,0,6411553,72630468,248244044
3614,0,0,23.62091,0,6411553,72662044,248244044
3615,0,1,23.47403,0,6411553,72694956,248244044
3688,0,73,23.79355,0,6411553,72606868,248244044
3689,0,1,23.64744,0,6411553,72639804,248244044
3760,0,71,23.94905,0,6411553,72584316,248244044
3760,0,0,23.79747,0,6411553,72616444,248244044
3825,0,65,24.0566,0,6411553,72755196,248244044
3825,0,0,23.90625,0,6411553,72787404,248244044
3894,0,69,24.18633,0,6411553,72667028,248244044
3894,0,0,24.03704,0,6411553,72699972,248244044
3895,0,1,23.89571,0,6411553,72732164,248244044
3964,0,69,24.17073,0,6411553,72611780,248244044
3964,0,0,24.02424,0,6411553,72644740,248244044
3964,0,0,23.87952,0,6411553,72676852,248244044
4034,0,70,24.15569,0,6411553,72590660,248244044
4034,0,0,24.01191,0,6411553,72622796,248244044
4034,0,0,23.86982,0,6411553,72654356,248244044
4100,0,66,24.11765,0,6411553,72567356,248244044
4100,0,0,23.97661,0,6411553,72598916,248244044
4175,0,75,24.27326,0,6411553,72737660,248244044
4175,0,0,24.13295,0,6411553,72769156,248244044
4175,0,0,23.99425,0,6411553,72802092,248244044
4246,0,71,24.26286,0,6411553,72682756,248244044
4246,0,0,24.125,0,6411553,72714332,248244044
4247,0,1,23.99435,0,6411553,72747252,248244044
4323,0,76,24.28652,0,6411553,72660284,248244044
4323,0,0,24.15084,0,6411553,72693228,248244044
4391,0,68,24.39444,0,6411553,72574204,248244044
4391,0,0,24.25967,0,6411553,72606508,248244044
4391,0,0,24.12637,0,6411553,72638716,248244044
4459,0,68,24.36612,0,6411553,72809068,248244044
4459,0,0,24.2337,0,6411553,72584580,248244044
4536,0,77,24.51892,0,6411553,72720764,248244044
4537,0,1,24.39247,0,6411553,72753708,248244044
4537,0,0,24.26203,0,6411553,72785932,248244044
4603,0,66,24.48404,0,6411553,72666188,248244044
4603,0,0,24.3545,0,6411553,72699156,248244044
4604,0,1,24.23158,0,6411553,72731244,248244044
4678,0,74,24.49215,0,6411553,72612324,248244044
4678,0,0,24.36458,0,6411553,72644548,248244044
4758,0,80,24.65285,0,6411553,72814988,248244044
4758,0,0,24.52577,0,6411553,72590388,248244044
4758,0,0,24.4,0,6411553,72622508,248244044
4832,0,74,24.65306,0,6411553,72726484,248244044
4832,0,0,24.52792,0,6411553,72759452,248244044
4833,0,1,24.40909,0,6411553,72791524,248244044
4904,0,71,24.64322,0,6411553,72673036,248244044
4905,0,1,24.525,0,6411553,72705244,248244044
4978,0,73,24.76617,0,6411553,72617900,248244044
4979,0,1,24.64852,0,6411553,72650092,248244044
4980,0,1,24.53202,0,6411553,72682220,248244044
5049,0,69,24.75,0,6411553,72820340,248244044
5049,0,0,24.62927,0,6411553,72595748,248244044
5051,0,2,24.51942,0,6411553,72627236,248244044
5121,0,70,24.73913,0,6411553,72732484,248244044
5121,0,0,24.62019,0,6411553,72765444,248244044
5182,0,61,24.79426,0,6411553,72644972,248244044
5183,0,1,24.68095,0,6411553,72677884,248244044
5184,0,1,24.56872,0,6411553,72710108,248244044
5246,0,62,24.74528,0,6411553,72815596,248244044
5247,0,1,24.6338,0,6411553,72590452,248244044
5248,0,1,24.52337,0,6411553,72623388,248244044
5322,0,74,24.75349,0,6411553,72729084,248244044
5322,0,0,24.63889,0,6411553,72761212,248244044
5323,0,1,24.52995,0,6411553,72792764,248244044
5383,0,60,24.69266,0,6411553,72674532,248244044
5383,0,0,24.57991,0,6411553,72706644,248244044
5384,0,1,24.47273,0,6411553,72738932,248244044
5456,0,72,24.68778,0,6411553,72587796,248244044
5456,0,0,24.57658,0,6411553,72619924,248244044
5456,0,0,24.46637,0,6411553,72651492,248244044
5524,0,68,24.66072,0,6411553,72758580,248244044
5525,0,1,24.55556,0,6411553,72790772,248244044
5591,0,66,24.73894,0,6411553,72670532,248244044
5591,0,0,24.62996,0,6411553,72703460,248244044
5592,0,1,24.52632,0,6411553,72735668,248244044
5654,0,62,24.68996,0,6411553,72584268,248244044
5655,0,1,24.58696,0,6411553,72615820,248244044
5655,0,0,24.48052,0,6411553,72648796,248244044
5724,0,69,24.67241,0,6411553,72722436,248244044
5724,0,0,24.56652,0,6411553,72754644,248244044
5727,0,3,24.47436,0,6411553,72786740,248244044
5797,0,70,24.66809,0,6411553,72635596,248244044
5797,0,0,24.56356,0,6411553,72668540,248244044
5798,0,1,24.46413,0,6411553,72700732,248244044
5861,0,63,24.62605,0,6411553,72806524,248244044
5862,0,1,24.5272,0,6411553,72581452,248244044
5864,0,2,24.43333,0,6411553,72614436,248244044
5932,0,68,24.61411,0,6411553,72720108,248244044
5932,0,0,24.5124,0,6411553,72751620,248244044
5933,0,1,24.41564,0,6411553,72784524,248244044
6005,0,72,24.61065,0,6411553,72665628,248244044
6005,0,0,24.5102,0,6411553,72697212,248244044
6005,0,0,24.41057,0,6411553,72730164,248244044
6071,0,66,24.57895,0,6411553,72739356,248244044
6072,0,1,24.48387,0,6411553,72771556,248244044
6072,0,0,24.38554,0,6411553,72803684,248244044
6141,0,69,24.564,0,6411553,72684524,248244044
6141,0,0,24.46614,0,6411553,72717484,248244044
6141,0,0,24.36905,0,6411553,72749692,248244044
6200,0,59,24.50593,0,6411553,72631268,248244044
6200,0,0,24.40945,0,6411553,72662852,248244044
6201,0,1,24.31765,0,6411553,72695780,248244044
6262,0,61,24.46094,0,6411553,72791292,248244044
6264,0,2,24.37354,0,6411553,72821404,248244044
6264,0,0,24.27907,0,6411553,72596268,248244044
6331,0,67,24.44402,0,6411553,72701644,248244044
6331,0,0,24.35,0,6411553,72731740,248244044
6331,0,0,24.2567,0,6411553,72761844,248244044
6332,0,1,24.16794,0,6411553,72791820,248244044
6402,0,70,24.34221,0,6411553,72643348,248244044
6402,0,0,24.25,0,6411553,72673356,248244044
6402,0,0,24.15849,0,6411553,72703444,248244044
6470,0,68,24.32331,0,6411553,72584012,248244044
6471,0,1,24.23595,0,6411553,72613444,248244044
6471,0,0,24.14552,0,6411553,72643572,248244044
6542,0,71,24.3197,0,6411553,72781172,248244044
6542,0,0,24.22963,0,6411553,72812020,248244044
6542,0,0,24.14022,0,6411553,72586260,248244044
6610,0,68,24.30147,0,6411553,72722276,248244044
6611,0,1,24.21612,0,6411553,72752372,248244044
6612,0,1,24.13139,0,6411553,72782468,248244044
6678,0,66,24.28364,0,6411553,72633028,248244044
6678,0,0,24.19565,0,6411553,72663124,248244044
6678,0,0,24.1083,0,6411553,72693124,248244044
6749,0,71,24.27698,0,6411553,72800636,248244044
6749,0,0,24.18996,0,6411553,72573932,248244044
6749,0,0,24.10357,0,6411553,72604036,248244044
6824,0,75,24.2847,0,6411553,72710276,248244044
6824,0,0,24.19858,0,6411553,72740372,248244044
6825,0,1,24.11661,0,6411553,72769812,248244044
6893,0,68,24.27113,0,6411553,72590652,248244044
6893,0,0,24.18596,0,6411553,72620772,248244044
6893,0,0,24.1014,0,6411553,72650220,248244044
6958,0,65,24.2439,0,6411553,72728468,248244044
6959,0,1,24.16319,0,6411553,72758540,248244044
6959,0,0,24.07958,0,6411553,72788028,248244044
7024,0,65,24.22069,0,6411553,72638644,248244044
7024,0,0,24.13746,0,6411553,72668100,248244044
7025,0,1,24.05822,0,6411553,72698180,248244044
7090,0,65,24.19795,0,6411553,72805964,248244044
7090,0,0,24.11565,0,6411553,72579372,248244044
7091,0,1,24.03729,0,6411553,72610180,248244044
7091,0,0,23.95608,0,6411553,72640300,248244044
7152,0,61,24.08081,0,6411553,72716972,248244044
7153,0,1,24.00336,0,6411553,72747788,248244044
7153,0,0,23.92308,0,6411553,72777900,248244044
7153,0,0,23.84333,0,6411553,72807996,248244044
7214,0,61,23.96678,0,6411553,72628268,248244044
7215,0,1,23.89073,0,6411553,72658348,248244044
7215,0,0,23.81188,0,6411553,72688476,248244044
7279,0,64,23.94408,0,6411553,72766284,248244044
7279,0,0,23.86557,0,6411553,72796380,248244044
7280,0,1,23.79085,0,6411553,72570652,248244044
7349,0,69,23.93811,0,6411553,72646420,248244044
7349,0,0,23.86039,0,6411553,72676532,248244044
7349,0,0,23.78317,0,6411553,72706628,248244044
7426,0,77,23.95484,0,6411553,72784740,248244044
7426,0,0,23.87781,0,6411553,72814852,248244044
7426,0,0,23.80128,0,6411553,72589196,248244044
7426,0,0,23.72524,0,6411553,72619284,248244044
7489,0,63,23.85032,0,6411553,72695516,248244044
7489,0,0,23.7746,0,6411553,72725620,248244044
7489,0,0,23.69937,0,6411553,72755724,248244044
7555,0,66,23.83281,0,6411553,72576548,248244044
7555,0,0,23.75786,0,6411553,72606660,248244044
7555,0,0,23.68339,0,6411553,72636756,248244044
7624,0,69,23.825,0,6411553,72714548,248244044
7624,0,0,23.75078,0,6411553,72744668,248244044
7626,0,2,23.68323,0,6411553,72774756,248244044
7693,0,67,23.81734,0,6411553,72625116,248244044
7693,0,0,23.74383,0,6411553,72655204,248244044
7693,0,0,23.67077,0,6411553,72685204,248244044
7764,0,71,23.81595,0,6411553,72762100,248244044
7765,0,1,23.74618,0,6411553,72792196,248244044
7765,0,0,23.67378,0,6411553,72822212,248244044
7844,0,79,23.84195,0,6411553,72642212,248244044
7845,0,1,23.77273,0,6411553,72672308,248244044
7845,0,0,23.70091,0,6411553,72702324,248244044
7915,0,70,23.84036,0,6411553,72750980,248244044
7916,0,1,23.77177,0,6411553,72781060,248244044
7918,0,2,23.70659,0,6411553,72811188,248244044
7982,0,64,23.82687,0,6411553,72601444,248244044
7983,0,1,23.75893,0,6411553,72631516,248244044
8039,0,56,23.8546,0,6411553,72816420,248244044
8040,0,1,23.78698,0,6411553,72589812,248244044
8041,0,1,23.71976,0,6411553,72619812,248244044
8115,0,74,23.86765,0,6411553,72726884,248244044
8116,0,1,23.80059,0,6411553,72756868,248244044
8116,0,0,23.73099,0,6411553,72786996,248244044
8189,0,73,23.87464,0,6411553,72590436,248244044
8189,0,0,23.80523,0,6411553,72620452,248244044
8190,0,1,23.73913,0,6411553,72650532,248244044
8249,0,59,23.84104,0,6411553,72741356,248244044
8249,0,0,23.77234,0,6411553,72771444,248244044
8325,0,76,23.92241,0,6411553,72603780,248244044
8325,0,0,23.85387,0,6411553,72633876,248244044
8326,0,1,23.78857,0,6411553,72663316,248244044
8405,0,79,23.94587,0,6411553,72754580,248244044
8406,0,1,23.88068,0,6411553,72784036,248244044
8406,0,0,23.81303,0,6411553,72814156,248244044
8473,0,67,23.93503,0,6411553,72618332,248244044
8473,0,0,23.86761,0,6411553,72647804,248244044
8474,0,1,23.80337,0,6411553,72677868,248244044
8546,0,72,23.93838,0,6411553,72739476,248244044
8546,0,0,23.87151,0,6411553,72768908,248244044
8546,0,0,23.80501,0,6411553,72799028,248244044
8620,0,74,23.94444,0,6411553,72662588,248244044
8620,0,0,23.87812,0,6411553,72693436,248244044
8621,0,1,23.81492,0,6411553,72723500,248244044
8689,0,68,23.93664,0,6411553,72814252,248244044
8690,0,1,23.87363,0,6411553,72587724,248244044
8766,0,76,24.01644,0,6411553,72676756,248244044
8766,0,0,23.95082,0,6411553,72706868,248244044
8766,0,0,23.88556,0,6411553,72736964,248244044
8840,0,74,24.02174,0,6411553,72570100,248244044
8841,0,1,23.95935,0,6411553,72600188,248244044
8841,0,0,23.89459,0,6411553,72630292,248244044
8841,0,0,23.83019,0,6411553,72660300,248244044
8914,0,73,23.96237,0,6411553,72721108,248244044
8915,0,1,23.9008,0,6411553,72751188,248244044
8915,0,0,23.8369,0,6411553,72781204,248244044
8916,0,1,23.776,0,6411553,72811284,248244044
8993,0,77,23.91755,0,6411553,72644948,248244044
8994,0,1,23.85676,0,6411553,72675020,248244044
8994,0,0,23.79365,0,6411553,72704508,248244044
9060,0,66,23.90501,0,6411553,72765652,248244044
9060,0,0,23.84211,0,6411553,72795756,248244044
9061,0,1,23.78215,0,6411553,72569396,248244044
9129,0,68,23.89791,0,6411553,72658684,248244044
9129,0,0,23.83551,0,6411553,72688140,248244044
9130,0,1,23.77604,0,6411553,72718220,248244044
9195,0,65,23.88312,0,6411553,72779164,248244044
9196,0,1,23.82383,0,6411553,72808604,248244044
9196,0,0,23.76227,0,6411553,72583068,248244044
9265,0,69,23.87887,0,6411553,72671852,248244044
9265,0,0,23.81748,0,6411553,72701964,248244044
9265,0,0,23.75641,0,6411553,72732796,248244044
9338,0,73,23.88235,0,6411553,72792268,248244044
9338,0,0,23.82143,0,6411553,72795868,248244044
9338,0,0,23.76081,0,6411553,72596484,248244044
9410,0,72,23.88325,0,6411553,72686028,248244044
9410,0,0,23.82278,0,6411553,72716876,248244044
9410,0,0,23.76263,0,6411553,72746972,248244044
9478,0,68,23.87406,0,6411553,72806524,248244044
9479,0,1,23.81658,0,6411553,72580628,248244044
9479,0,0,23.75689,0,6411553,72610732,248244044
9479,0,0,23.6975,0,6411553,72640828,248244044
9553,0,74,23.82294,0,6411553,72701316,248244044
9554,0,1,23.76617,0,6411553,72731396,248244044
9554,0,0,23.7072,0,6411553,72761524,248244044
9554,0,0,23.64852,0,6411553,72791604,248244044
9624,0,70,23.76296,0,6411553,72595340,248244044
9624,0,0,23.70443,0,6411553,72625412,248244044
9625,0,1,23.64865,0,6411553,72655532,248244044
9700,0,75,23.77451,0,6411553,72746244,248244044
9700,0,0,23.71638,0,6411553,72776340,248244044
9700,0,0,23.65854,0,6411553,72806348,248244044
9701,0,1,23.60341,0,6411553,72580868,248244044
9771,0,70,23.71602,0,6411553,72639900,248244044
9771,0,0,23.6586,0,6411553,72669900,248244044
9771,0,0,23.60145,0,6411553,72699996,248244044
9841,0,70,23.71325,0,6411553,72790260,248244044
9842,0,1,23.65865,0,6411553,72820356,248244044
9842,0,0,23.60192,0,6411553,72593972,248244044
9908,0,66,23.70335,0,6411553,72682764,248244044
9908,0,0,23.64678,0,6411553,72712244,248244044
9908,0,0,23.59048,0,6411553,72742332,248244044
9977,0,69,23.69834,0,6411553,72803188,248244044
9977,0,0,23.64218,0,6411553,72575916,248244044
9977,0,0,23.58629,0,6411553,72606012,248244044
10056,0,79,23.71698,0,6411553,72666732,248244044
10056,0,0,23.66118,0,6411553,72696188,248244044
10056,0,0,23.60563,0,6411553,72726292,248244044
10126,0,70,23.71428,0,6411553,72816956,248244044
10126,0,0,23.65888,0,6411553,72590468,248244044
10126,0,0,23.60373,0,6411553,72621292,248244044
10199,0,73,23.71861,0,6411553,72650548,248244044
10200,0,1,23.66589,0,6411553,72679980,248244044
10200,0,0,23.61111,0,6411553,72710108,248244044
10200,0,0,23.55658,0,6411553,72740924,248244044
10287,0,87,23.70276,0,6411553,72800924,248244044
10287,0,0,23.64828,0,6411553,72574076,248244044
10288,0,1,23.59633,0,6411553,72604924,248244044
10360,0,72,23.70709,0,6411553,72694564,248244044
10361,0,1,23.65525,0,6411553,72725372,248244044
10361,0,0,23.60137,0,6411553,72755500,248244044
10431,0,70,23.70682,0,6411553,72814940,248244044
10431,0,0,23.65306,0,6411553,72589084,248244044
10432,0,1,23.60181,0,6411553,72619164,248244044
10500,0,68,23.70203,0,6411553,72678644,248244044
10500,0,0,23.64865,0,6411553,72709468,248244044
10500,0,0,23.5955,0,6411553,72739580,248244044
10500,0,0,23.5426,0,6411553,72769660,248244044
10568,0,68,23.64206,0,6411553,72573252,248244044
10568,0,0,23.58928,0,6411553,72603332,248244044
10569,0,1,23.53897,0,6411553,72633444,248244044
10569,0,0,23.48667,0,6411553,72663524,248244044
10645,0,76,23.6031,0,6411553,72724548,248244044
10646,0,1,23.5531,0,6411553,72754644,248244044
10646,0,0,23.5011,0,6411553,72784756,248244044
10646,0,0,23.44934,0,6411553,72814756,248244044
10726,0,80,23.57363,0,6411553,72618740,248244044
10726,0,0,23.52193,0,6411553,72648860,248244044
10727,0,1,23.47265,0,6411553,72678836,248244044
10790,0,63,23.55895,0,6411553,72769764,248244044
10790,0,0,23.50763,0,6411553,72799780,248244044
10790,0,0,23.45652,0,6411553,72574028,248244044
10863,0,73,23.56399,0,6411553,72662916,248244044
10863,0,0,23.51299,0,6411553,72693028,248244044
10865,0,2,23.46652,0,6411553,72722468,248244044
10934,0,69,23.56466,0,6411553,72783428,248244044
10934,0,0,23.51398,0,6411553,72813540,248244044
10935,0,1,23.46567,0,6411553,72587292,248244044
11006,0,71,23.56745,0,6411553,72676668,248244044
11006,0,0,23.51709,0,6411553,72706108,248244044
11007,0,1,23.46908,0,6411553,72736212,248244044
11078,0,71,23.57021,0,6411553,72569564,248244044
11078,0,0,23.52017,0,6411553,72599676,248244044
11079,0,1,23.47246,0,6411553,72630500,248244044
11147,0,68,23.5666,0,6411553,72690252,248244044
11147,0,0,23.51688,0,6411553,72720348,248244044
11147,0,0,23.46737,0,6411553,72751180,248244044
11219,0,72,23.56933,0,6411553,72583724,248244044
11219,0,0,23.51992,0,6411553,72614556,248244044
11220,0,1,23.4728,0,6411553,72644636,248244044
11220,0,0,23.4238,0,6411553,72674756,248244044
11288,0,68,23.51667,0,6411553,72736180,248244044
11289,0,1,23.46985,0,6411553,72766276,248244044
11289,0,0,23.42116,0,6411553,72796388,248244044
11358,0,69,23.51553,0,6411553,72629740,248244044
11358,0,0,23.46694,0,6411553,72659860,248244044
11358,0,0,23.41856,0,6411553,72689948,248244044
11433,0,75,23.52469,0,6411553,72780532,248244044
11434,0,1,23.47844,0,6411553,72810620,248244044
11435,0,1,23.43238,0,6411553,72584812,248244044
11499,0,64,23.51534,0,6411553,72643580,248244044
11500,0,1,23.46939,0,6411553,72673676,248244044
11502,0,2,23.42566,0,6411553,72703692,248244044
11502,0,0,23.37805,0,6411553,72733788,248244044
11578,0,76,23.48479,0,6411553,72795116,248244044
11578,0,0,23.43725,0,6411553,72568396,248244044
11579,0,1,23.39192,0,6411553,72598484,248244044
11646,0,67,23.47984,0,6411553,72658556,248244044
11646,0,0,23.4326,0,6411553,72688572,248244044
11646,0,0,23.38554,0,6411553,72718676,248244044
11647,0,1,23.34068,0,6411553,72748092,248244044
11727,0,80,23.454,0,6411553,72779604,248244044
11727,0,0,23.40719,0,6411553,72809588,248244044
11728,0,1,23.36255,0,6411553,72584004,248244044
11798,0,70,23.45527,0,6411553,72672844,248244044
11798,0,0,23.40873,0,6411553,72702956,248244044
11800,0,2,23.36634,0,6411553,72732412,248244044
11865,0,65,23.44862,0,6411553,72794388,248244044
11865,0,0,23.40237,0,6411553,72567892,248244044
11865,0,0,23.3563,0,6411553,72597348,248244044
11939,0,74,23.4558,0,6411553,72657636,248244044
11939,0,0,23.4098,0,6411553,72687748,248244044
11940,0,1,23.36595,0,6411553,72717172,248244044
12008,0,68,23.45313,0,6411553,72778676,248244044
12008,0,0,23.40741,0,6411553,72808780,248244044
12009,0,1,23.36381,0,6411553,72582548,248244044
12071,0,62,23.43884,0,6411553,72640772,248244044
12071,0,0,23.39341,0,6411553,72670868,248244044
12072,0,1,23.3501,0,6411553,72700308,248244044
12141,0,69,23.43822,0,6411553,72791044,248244044
12142,0,1,23.39499,0,6411553,72820500,248244044
12145,0,3,23.35577,0,6411553,72594068,248244044
12213,0,68,23.44146,0,6411553,72681812,248244044
12213,0,0,23.39655,0,6411553,72711908,248244044
12214,0,1,23.35373,0,6411553,72742724,248244044
12214,0,0,23.30916,0,6411553,72772836,248244044
12278,0,64,23.38667,0,6411553,72801652,248244044
12278,0,0,23.34221,0,6411553,72574844,248244044
12278,0,0,23.29791,0,6411553,72605668,248244044
12342,0,64,23.375,0,6411553,72680972,248244044
12343,0,1,23.3327,0,6411553,72716004,248244044
12343,0,0,23.28868,0,6411553,72749604,248244044
12418,0,75,23.38606,0,6411553,72823188,248244044
12418,0,0,23.34211,0,6411553,72599964,248244044
12419,0,1,23.30019,0,6411553,72635028,248244044
12487,0,68,23.3839,0,6411553,72672180,248244044
12487,0,0,23.34019,0,6411553,72705788,248244044
12488,0,1,23.29851,0,6411553,72740828,248244044
12557,0,69,23.38361,0,6411553,72813060,248244044
12558,0,1,23.34201,0,6411553,72591396,248244044
12620,0,62,23.41373,0,6411553,72661428,248244044
12621,0,1,23.37222,0,6411553,72696476,248244044
12621,0,0,23.32902,0,6411553,72730084,248244044
12694,0,73,23.42066,0,6411553,72768172,248244044
12694,0,0,23.37753,0,6411553,72803236,248244044
12694,0,0,23.33456,0,6411553,72581196,248244044
12762,0,68,23.41651,0,6411553,72686556,248244044
12763,0,1,23.37546,0,6411553,72721588,248244044
12828,0,65,23.45155,0,6411553,72792716,248244044
12828,0,0,23.40876,0,6411553,72570908,248244044
12829,0,1,23.36794,0,6411553,72605140,248244044
12899,0,70,23.45273,0,6411553,72676972,248244044
12899,0,0,23.41016,0,6411553,72711196,248244044
12899,0,0,23.36775,0,6411553,72745612,248244044
12970,0,71,23.45389,0,6411553,72817404,248244044
12970,0,0,23.41155,0,6411553,72595132,248244044
12970,0,0,23.36937,0,6411553,72629356,248244044
13046,0,76,23.46403,0,6411553,72701268,248244044
13048,0,2,23.42549,0,6411553,72735492,248244044
13118,0,70,23.50896,0,6411553,72806860,248244044
13118,0,0,23.46691,0,6411553,72584068,248244044
13120,0,2,23.42857,0,6411553,72618500,248244044
13189,0,69,23.5098,0,6411553,72689636,248244044
13190,0,1,23.46975,0,6411553,72724044,248244044
13191,0,1,23.42984,0,6411553,72758268,248244044
13263,0,72,23.51596,0,6411553,72796796,248244044
13263,0,0,23.47434,0,6411553,72574092,248244044
13264,0,1,23.43463,0,6411553,72608300,248244044
13338,0,74,23.52381,0,6411553,72679900,248244044
13338,0,0,23.4824,0,6411553,72714124,248244044
13338,0,0,23.44112,0,6411553,72747804,248244044
13411,0,73,23.52807,0,6411553,72787164,248244044
13412,0,1,23.48862,0,6411553,72821388,248244044
13413,0,1,23.4493,0,6411553,72599212,248244044
13481,0,68,23.52705,0,6411553,72670828,248244044
13482,0,1,23.4878,0,6411553,72704492,248244044
13483,0,1,23.4487,0,6411553,72739548,248244044
13555,0,72,23.53299,0,6411553,72777260,248244044
13556,0,1,23.49393,0,6411553,72810924,248244044
13556,0,0,23.45329,0,6411553,72590204,248244044
13630,0,74,23.54059,0,6411553,72659932,248244044
13631,0,1,23.50172,0,6411553,72694980,248244044
13631,0,0,23.46127,0,6411553,72728588,248244044
13705,0,74,23.54811,0,6411553,72766372,248244044
13705,0,0,23.50772,0,6411553,72801436,248244044
13781,0,76,23.5976,0,6411553,72650116,248244044
13782,0,1,23.55898,0,6411553,72683692,248244044
13854,0,72,23.64164,0,6411553,72790340,248244044
13854,0,0,23.60136,0,6411553,72568812,248244044
13926,0,72,23.68367,0,6411553,72639452,248244044
13927,0,1,23.64516,0,6411553,72674492,248244044
13927,0,0,23.60509,0,6411553,72708092,248244044
13996,0,69,23.68189,0,6411553,72781916,248244044
13996,0,0,23.64189,0,6411553,72815516,248244044
14067,0,71,23.72175,0,6411553,72664972,248244044
14067,0,0,23.68182,0,6411553,72700044,248244044
14146,0,79,23.77479,0,6411553,72806628,248244044
14146,0,0,23.7349,0,6411553,72584060,248244044
14146,0,0,23.69514,0,6411553,72618468,248244044
14217,0,71,23.77425,0,6411553,72655428,248244044
14217,0,0,23.73456,0,6411553,72689644,248244044
14292,0,75,23.82,0,6411553,72762292,248244044
14292,0,0,23.78037,0,6411553,72796524,248244044
14294,0,2,23.74419,0,6411553,72574564,248244044
14365,0,71,23.82255,0,6411553,72645580,248244044
14365,0,0,23.78311,0,6411553,72679996,248244044
14435,0,70,23.8595,0,6411553,72751724,248244044
14435,0,0,23.82013,0,6411553,72786164,248244044
14502,0,67,23.89127,0,6411553,72600612,248244044
14502,0,0,23.85197,0,6411553,72635028,248244044
14502,0,0,23.81281,0,6411553,72669252,248244044
14572,0,70,23.88853,0,6411553,72742188,248244044
14572,0,0,23.84943,0,6411553,72776428,248244044
14573,0,1,23.81209,0,6411553,72810828,248244044
14647,0,74,23.89396,0,6411553,72625724,248244044
14648,0,1,23.85668,0,6411553,72660140,248244044
14648,0,0,23.81789,0,6411553,72694380,248244044
14719,0,71,23.89448,0,6411553,72767452,248244044
14719,0,0,23.85575,0,6411553,72801692,248244044
14719,0,0,23.81715,0,6411553,72579580,248244044
14782,0,63,23.88045,0,6411553,72650860,248244044
14783,0,1,23.84355,0,6411553,72685260,248244044
14783,0,0,23.80515,0,6411553,72719596,248244044
14848,0,65,23.87138,0,6411553,72757412,248244044
14848,0,0,23.83307,0,6411553,72791844,248244044
14848,0,0,23.79487,0,6411553,72569556,248244044
14917,0,69,23.8672,0,6411553,72641156,248244044
14918,0,1,23.83067,0,6411553,72675460,248244044
14919,0,1,23.79426,0,6411553,72709044,248244044
14990,0,71,23.86943,0,6411553,72747588,248244044
14991,0,1,23.83307,0,6411553,72781892,248244044
14991,0,0,23.79524,0,6411553,72815492,248244044
15068,0,77,23.87956,0,6411553,72597020,248244044
15068,0,0,23.84177,0,6411553,72631356,248244044
15068,0,0,23.80411,0,6411553,72664940,248244044
15140,0,72,23.88013,0,6411553,72738116,248244044
15140,0,0,23.84252,0,6411553,72771724,248244044
15209,0,69,23.91352,0,6411553,72810652,248244044
15209,0,0,23.87598,0,6411553,72588060,248244044
15209,0,0,23.83856,0,6411553,72621644,248244044
15283,0,74,23.91706,0,6411553,72659628,248244044
15283,0,0,23.87969,0,6411553,72693964,248244044
15353,0,70,23.95164,0,6411553,72766516,248244044
15354,0,1,23.91589,0,6411553,72800836,248244044
15354,0,0,23.87869,0,6411553,72578036,248244044
15423,0,69,23.94876,0,6411553,72649372,248244044
15423,0,0,23.91163,0,6411553,72682956,248244044
15425,0,2,23.87771,0,6411553,72718012,248244044
15500,0,75,23.95672,0,6411553,72790140,248244044
15500,0,0,23.91975,0,6411553,72568492,248244044
15501,0,1,23.88444,0,6411553,72602068,248244044
15572,0,71,23.95692,0,6411553,72639660,248244044
15572,0,0,23.92012,0,6411553,72674716,248244044
15650,0,78,24.00307,0,6411553,72746308,248244044
15650,0,0,23.96631,0,6411553,72781372,248244044
15651,0,1,23.93119,0,6411553,72814932,248244044
15721,0,70,24.00153,0,6411553,72630796,248244044
15722,0,1,23.96646,0,6411553,72664388,248244044
15785,0,63,24.02588,0,6411553,72737436,248244044
15785,0,0,23.98936,0,6411553,72771036,248244044
15850,0,65,24.05159,0,6411553,72808428,248244044
15851,0,1,24.01667,0,6411553,72586356,248244044
15851,0,0,23.98033,0,6411553,72619948,248244044
15921,0,70,24.04985,0,6411553,72657540,248244044
15921,0,0,24.01357,0,6411553,72692604,248244044
15921,0,0,23.97741,0,6411553,72726196,248244044
15993,0,72,24.04962,0,6411553,72764404,248244044
15993,0,0,24.01351,0,6411553,72799460,248244044
15993,0,0,23.97751,0,6411553,72576516,248244044
16068,0,75,24.05389,0,6411553,72613460,248244044
16068,0,0,24.01794,0,6411553,72648540,248244044
16069,0,1,23.98358,0,6411553,72682100,248244044
16133,0,64,24.04322,0,6411553,72720452,248244044
16133,0,0,24.00744,0,6411553,72755532,248244044
16215,0,82,24.09361,0,6411553,72793428,248244044
16216,0,1,24.05935,0,6411553,72570396,248244044
16216,0,0,24.0237,0,6411553,72605476,248244044
16287,0,71,24.09319,0,6411553,72608636,248244044
16288,0,1,24.05908,0,6411553,72642948,248244044
16288,0,0,24.0236,0,6411553,72676548,248244044
16363,0,75,24.09867,0,6411553,72715644,248244044
16365,0,2,24.06618,0,6411553,72749972,248244044
16365,0,0,24.03084,0,6411553,72783564,248244044
16438,0,73,24.10264,0,6411553,72821940,248244044
16439,0,1,24.06881,0,6411553,72599348,248244044
16440,0,1,24.03509,0,6411553,72632940,248244044
16515,0,75,24.10949,0,6411553,72670596,248244044
16516,0,1,24.0758,0,6411553,72704916,248244044
16516,0,0,24.04076,0,6411553,72738516,248244044
16584,0,68,24.10465,0,6411553,72777364,248244044
16585,0,1,24.07112,0,6411553,72811668,248244044
16657,0,72,24.14058,0,6411553,72626876,248244044
16658,0,1,24.10709,0,6411553,72661172,248244044
16725,0,67,24.16908,0,6411553,72699348,248244044
16726,0,1,24.13564,0,6411553,72733764,248244044
16727,0,1,24.10231,0,6411553,72768068,248244044
16802,0,75,24.17554,0,6411553,72806300,248244044
16803,0,1,24.14224,0,6411553,72584012,248244044
16803,0,0,24.1076,0,6411553,72618348,248244044
16868,0,65,24.16619,0,6411553,72655316,248244044
16868,0,0,24.13162,0,6411553,72689748,248244044
16869,0,1,24.09857,0,6411553,72724052,248244044
16941,0,72,24.1669,0,6411553,72762388,248244044
16941,0,0,24.13248,0,6411553,72796812,248244044
16942,0,1,24.09957,0,6411553,72575028,248244044
17013,0,71,24.16619,0,6411553,72611684,248244044
17013,0,0,24.13191,0,6411553,72646116,248244044
17086,0,73,24.20113,0,6411553,72792300,248244044
17086,0,0,24.1669,0,6411553,72570124,248244044
17087,0,1,24.13418,0,6411553,72604324,248244044
17156,0,69,24.19746,0,6411553,72590772,248244044
17157,0,1,24.16479,0,6411553,72624340,248244044
17157,0,0,24.1308,0,6411553,72659428,248244044
17225,0,68,24.19242,0,6411553,72612164,248244044
17225,0,0,24.15849,0,6411553,72647220,248244044
17226,0,1,24.12605,0,6411553,72680788,248244044
17296,0,70,24.19021,0,6411553,72668156,248244044
17296,0,0,24.15643,0,6411553,72703188,248244044
17361,0,65,24.21339,0,6411553,72689772,248244044
17361,0,0,24.17967,0,6411553,72723988,248244044
17361,0,0,24.14604,0,6411553,72758412,248244044
17427,0,66,24.20417,0,6411553,72710244,248244044
17428,0,1,24.17198,0,6411553,72744660,248244044
17428,0,0,24.1385,0,6411553,72779004,248244044
17489,0,61,24.18949,0,6411553,72766556,248244044
17490,0,1,24.15746,0,6411553,72800124,248244044
17548,0,58,24.20414,0,6411553,72752876,248244044
17549,0,1,24.17218,0,6411553,72786460,248244044
17549,0,0,24.13893,0,6411553,72821532,248244044
17610,0,61,24.18956,0,6411553,72774220,248244044
17610,0,0,24.15638,0,6411553,72809292,248244044
17676,0,66,24.2137,0,6411553,72795660,248244044
17676,0,0,24.18057,0,6411553,72573180,248244044
17747,0,71,24.24454,0,6411553,72747692,248244044
17749,0,2,24.21419,0,6411553,72782124,248244044
17749,0,0,24.1812,0,6411553,72816348,248244044
17803,0,54,24.22177,0,6411553,72649068,248244044
17803,0,0,24.18886,0,6411553,72684140,248244044
17803,0,0,24.15604,0,6411553,72717724,248244044
17874,0,71,24.21951,0,6411553,72773244,248244044
17874,0,0,24.18674,0,6411553,72808308,248244044
17875,0,1,24.15541,0,6411553,72586860,248244044
17945,0,70,24.21727,0,6411553,72606812,248244044
17945,0,0,24.18464,0,6411553,72641052,248244044
17945,0,0,24.15209,0,6411553,72675468,248244044
18010,0,65,24.20699,0,6411553,72730916,248244044
18011,0,1,24.17584,0,6411553,72765956,248244044
18075,0,64,24.22922,0,6411553,72821268,248244044
18075,0,0,24.19679,0,6411553,72598804,248244044
18076,0,1,24.16578,0,6411553,72633188,248244044
18158,0,82,24.24299,0,6411553,72688220,248244044
18158,0,0,24.21067,0,6411553,72722532,248244044
18158,0,0,24.17843,0,6411553,72756140,248244044
18223,0,65,24.23271,0,6411553,72811812,248244044
18223,0,0,24.20053,0,6411553,72590172,248244044
18292,0,69,24.25995,0,6411553,72644628,248244044
18292,0,0,24.22781,0,6411553,72678876,248244044
18292,0,0,24.19577,0,6411553,72713284,248244044
18357,0,65,24.24967,0,6411553,72768748,248244044
18358,0,1,24.219,0,6411553,72803780,248244044
18358,0,0,24.18709,0,6411553,72580980,248244044
18422,0,64,24.23947,0,6411553,72635604,248244044
18422,0,0,24.20762,0,6411553,72670028,248244044
18422,0,0,24.17585,0,6411553,72704260,248244044
18489,0,67,24.23198,0,6411553,72759228,248244044
18489,0,0,24.20026,0,6411553,72792932,248244044
18558,0,69,24.25882,0,6411553,72625316,248244044
18560,0,2,24.22976,0,6411553,72658916,248244044
18560,0,0,24.19818,0,6411553,72693956,248244044
18627,0,67,24.25391,0,6411553,72750028,248244044
18628,0,1,24.22367,0,6411553,72784244,248244044
18628,0,0,24.19221,0,6411553,72818684,248244044
18696,0,68,24.24903,0,6411553,72615796,248244044
18696,0,0,24.21762,0,6411553,72650860,248244044
18696,0,0,24.18629,0,6411553,72684452,248244044
18767,0,71,24.24677,0,6411553,72740828,248244044
18769,0,2,24.21807,0,6411553,72775260,248244044
18828,0,59,24.26289,0,6411553,72607636,248244044
18828,0,0,24.23166,0,6411553,72641220,248244044
18829,0,1,24.2018,0,6411553,72676260,248244044
18897,0,68,24.25802,0,6411553,72731668,248244044
18897,0,0,24.22692,0,6411553,72765892,248244044
18897,0,0,24.1959,0,6411553,72800308,248244044
18959,0,62,24.24425,0,6411553,72633332,248244044
18959,0,0,24.21328,0,6411553,72667028,248244044
19018,0,59,24.25765,0,6411553,72721404,248244044
19018,0,0,24.22675,0,6411553,72756468,248244044
19021,0,3,24.19975,0,6411553,72790044,248244044
19081,0,60,24.24524,0,6411553,72589388,248244044
19081,0,0,24.21447,0,6411553,72623820,248244044
19082,0,1,24.18505,0,6411553,72658012,248244044
19146,0,64,24.23544,0,6411553,72714012,248244044
19146,0,0,24.2048,0,6411553,72747580,248244044
19148,0,2,24.17677,0,6411553,72782652,248244044
19210,0,62,24.22446,0,6411553,72580972,248244044
19211,0,1,24.19521,0,6411553,72615180,248244044
19211,0,0,24.16478,0,6411553,72649628,248244044
19286,0,75,24.22864,0,6411553,72705788,248244044
19287,0,1,24.1995,0,6411553,72740092,248244044
19287,0,0,24.16917,0,6411553,72773708,248244044
19350,0,63,24.21777,0,6411553,72606628,248244044
19350,0,0,24.1875,0,6411553,72640860,248244044
19416,0,66,24.2397,0,6411553,72627332,248244044
19416,0,0,24.20948,0,6411553,72661764,248244044
19417,0,1,24.18057,0,6411553,72695956,248244044
19476,0,59,24.22388,0,6411553,72751508,248244044
19476,0,0,24.19379,0,6411553,72785092,248244044
19546,0,70,24.25062,0,6411553,72617700,248244044
19548,0,2,24.22305,0,6411553,72651908,248244044
19548,0,0,24.19307,0,6411553,72686340,248244044
19609,0,61,24.23857,0,6411553,72741980,248244044
19609,0,0,24.20864,0,6411553,72776228,248244044
19611,0,2,24.18126,0,6411553,72809900,248244044
19683,0,72,24.24015,0,6411553,72608516,248244044
19683,0,0,24.21033,0,6411553,72643564,248244044
19683,0,0,24.18059,0,6411553,72677172,248244044
19746,0,63,24.22822,0,6411553,72733228,248244044
19747,0,1,24.19975,0,6411553,72767636,248244044
19747,0,0,24.17014,0,6411553,72801876,248244044
19822,0,75,24.23227,0,6411553,72771700,248244044
19822,0,0,24.20269,0,6411553,72806116,248244044
19891,0,69,24.25732,0,6411553,72585996,248244044
19891,0,0,24.22777,0,6411553,72620236,248244044
19956,0,65,24.27737,0,6411553,72692892,248244044
19957,0,1,24.24909,0,6411553,72727100,248244044
20027,0,70,24.30461,0,6411553,72763948,248244044
20027,0,0,24.27515,0,6411553,72799020,248244044
20028,0,1,24.24697,0,6411553,72577404,248244044
20108,0,80,24.31439,0,6411553,72614020,248244044
20109,0,1,24.28623,0,6411553,72649068,248244044
20172,0,63,24.33293,0,6411553,72686628,248244044
20172,0,0,24.30361,0,6411553,72720236,248244044
20173,0,1,24.27557,0,6411553,72755252,248244044
20244,0,71,24.33173,0,6411553,72794580,248244044
20245,0,1,24.30372,0,6411553,72571460,248244044
20245,0,0,24.27458,0,6411553,72606532,248244044
20311,0,66,24.32455,0,6411553,72608964,248244044
20311,0,0,24.29545,0,6411553,72644044,248244044
20311,0,0,24.26643,0,6411553,72677620,248244044
20387,0,76,24.32816,0,6411553,72614052,248244044
20387,0,0,24.29917,0,6411553,72647724,248244044
20387,0,0,24.27024,0,6411553,72682780,248244044
20466,0,79,24.33532,0,6411553,72686772,248244044
20467,0,1,24.3076,0,6411553,72720980,248244044
20467,0,0,24.27877,0,6411553,72754700,248244044
20537,0,70,24.33294,0,6411553,72760084,248244044
20537,0,0,24.30414,0,6411553,72794508,248244044
20608,0,71,24.35934,0,6411553,72574500,248244044
20608,0,0,24.33058,0,6411553,72608740,248244044
20608,0,0,24.30189,0,6411553,72643156,248244044
20673,0,65,24.34982,0,6411553,72664596,248244044
20674,0,1,24.32235,0,6411553,72698164,248244044
20674,0,0,24.29377,0,6411553,72733252,248244044
20742,0,68,24.34507,0,6411553,72789204,248244044
20743,0,1,24.3177,0,6411553,72823452,248244044
20743,0,0,24.28923,0,6411553,72600916,248244044
20817,0,74,24.34737,0,6411553,72690596,248244044
20818,0,1,24.32009,0,6411553,72724260,248244044
